"","x"
"1","AAAGGATAGAGGCGTT-1"
"2","AAAGGATTCACCACAA-1"
"3","AAAGGGCGTGACACAG-1"
"4","AAAGGGCGTTAGAAAC-1"
"5","AAAGGTAAGCGCTTCG-1"
"6","AAAGTGAGTCAATGGG-1"
"7","AAAGTGAGTCTGTGAT-1"
"8","AACCACACATCCTTGC-1"
"9","AACCCAAGTTGACGGA-1"
"10","AACTTCTAGCTTACGT-1"
"11","AAGATAGTCTTTCAGT-1"
"12","AAGCGTTCAACCACGC-1"
"13","AAGGAATGTCTCTCCA-1"
"14","AAGTCGTTCGTGCTCT-1"
"15","AATGAAGAGAAGCGCT-1"
"16","AATGGCTTCTAGTTCT-1"
"17","ACAACCAAGAGTTGCG-1"
"18","ACACGCGTCTGAGGCC-1"
"19","ACACTGATCCGTGCGA-1"
"20","ACATCCCGTAGTCACT-1"
"21","ACATTTCGTGTTATCG-1"
"22","ACCAAACTCTGACCCT-1"
"23","ACCAACAGTTTCCAAG-1"
"24","ACCATTTAGTATGCAA-1"
"25","ACCCTCATCCATTGTT-1"
"26","ACCCTTGAGGAACTAT-1"
"27","ACCTGTCCAATACCCA-1"
"28","ACGATCAGTCTGTAGT-1"
"29","ACGATGTAGTCGTTAC-1"
"30","ACGGGTCTCATGCCCT-1"
"31","ACGTAACTCCCGAGTG-1"
"32","ACGTACAAGATGATTG-1"
"33","ACGTTCCAGAGGTATT-1"
"34","ACTGCAAAGACCATTC-1"
"35","ACTGCAAAGCACACAG-1"
"36","ACTTAGGGTCAAGTTC-1"
"37","ACTTCGCTCGACTCCT-1"
"38","ACTTTCAAGGTCGTGA-1"
"39","AGAAATGAGCGACTGA-1"
"40","AGACAAACACACACGC-1"
"41","AGAGAATTCTGCGAGC-1"
"42","AGATGAAAGGTCGCCT-1"
"43","AGCCAATCACAACCGC-1"
"44","AGCGCTGAGAAGCCTG-1"
"45","AGCGCTGTCGCAGATT-1"
"46","AGCGTATTCGCAGTCG-1"
"47","AGCGTCGCAAATACAG-1"
"48","AGCGTCGTCACTGTTT-1"
"49","AGCTCAAGTGTTCATG-1"
"50","AGGACGAAGTGTTCCA-1"
"51","AGGAGGTTCTCCCATG-1"
"52","AGGATAACACGCGCTA-1"
"53","AGGATAAGTTGCTTGA-1"
"54","AGGCTGCCATGTGGCC-1"
"55","AGGGAGTTCCTCAGGG-1"
"56","AGGGTCCAGGAGCTGT-1"
"57","AGGGTTTAGAGTGAAG-1"
"58","AGGGTTTTCAGTGGGA-1"
"59","AGGTCTAGTTATGTCG-1"
"60","AGGTCTAGTTTACTTC-1"
"61","AGTGACTTCGAACCAT-1"
"62","AGTGTTGCATACAGCT-1"
"63","ATAGAGAGTCAGTCCG-1"
"64","ATAGAGATCTCCGAGG-1"
"65","ATCAGGTAGGGCAACT-1"
"66","ATCCATTAGAACTCCT-1"
"67","ATCCCTGGTATACGGG-1"
"68","ATCGTCCGTGCCCGTA-1"
"69","ATCGTCCTCGATCCAA-1"
"70","ATCTCTACAGTGAGCA-1"
"71","ATGGGAGCACGATAGG-1"
"72","ATGTCCCCATAAGCAA-1"
"73","ATTCATCCATGACACT-1"
"74","ATTCGTTCACGGCGTT-1"
"75","ATTCTTGTCATACAGC-1"
"76","ATTTCACGTGAGATAT-1"
"77","CAAAGAAAGAGCTGCA-1"
"78","CAACCAAAGGCTCTCG-1"
"79","CAAGCTACAGCTCCTT-1"
"80","CACGAATCATCGGAAG-1"
"81","CACTGTCAGGTCCAGA-1"
"82","CACTGTCAGTCGCCCA-1"
"83","CAGATACGTTTGATCG-1"
"84","CAGATTGAGTAGACCG-1"
"85","CAGCACGTCATGAAAG-1"
"86","CAGGGCTCATACTTTC-1"
"87","CATACAGTCTACGGGC-1"
"88","CATACCCTCAGTGTTG-1"
"89","CATAGACGTCACCACG-1"
"90","CATCAAGCAAGACGGT-1"
"91","CATCCACGTAGGAGGG-1"
"92","CATCCCATCCTGGGAC-1"
"93","CATCGCTGTTTGTTCT-1"
"94","CATCGTCAGCACCCAC-1"
"95","CATGCCTAGGATTTCC-1"
"96","CATGCTCAGTCTGCAT-1"
"97","CATGGTACATGAGGGT-1"
"98","CCAAGCGTCTACACTT-1"
"99","CCAATTTTCCTGTTAT-1"
"100","CCAATTTTCGTTCCCA-1"
"101","CCACAAAGTCCCGCAA-1"
"102","CCATCACAGATGATTG-1"
"103","CCCGAAGGTGTCCCTT-1"
"104","CCCTAACAGGTATAGT-1"
"105","CCCTTAGGTTAGGAGC-1"
"106","CCGGGTATCCGCTAGG-1"
"107","CCTAACCAGTAGGGTC-1"
"108","CCTATCGTCCATTGGA-1"
"109","CCTCATGGTAAGCAAT-1"
"110","CGACAGCCATAGTCGT-1"
"111","CGACAGCGTACTGGGA-1"
"112","CGAGAAGCAGTCAGAG-1"
"113","CGAGTTAAGTCGGCCT-1"
"114","CGAGTTACATGGAACG-1"
"115","CGATGCGAGCCGGAAT-1"
"116","CGTAATGCAAGCGCAA-1"
"117","CGTCAAAAGGGAGGCA-1"
"118","CGTGTCTGTCGGCTAC-1"
"119","CGTGTCTTCGAGATGG-1"
"120","CTAACCCTCGGATAAA-1"
"121","CTATAGGGTCGACTTA-1"
"122","CTCAAGAAGATCCGAG-1"
"123","CTCACTGGTAGGATAT-1"
"124","CTCAGGGCAAGGAGTC-1"
"125","CTCATTACAAGAGTTA-1"
"126","CTCCATGGTGGACCAA-1"
"127","CTCCCTCTCGAATCCA-1"
"128","CTCCTCCTCGATTGGT-1"
"129","CTGCGAGTCTACTATC-1"
"130","CTGTAGAGTGTTTCTT-1"
"131","CTGTATTTCTGTCCCA-1"
"132","CTGTCGTGTAAGACCG-1"
"133","CTTACCGGTAGGACCA-1"
"134","CTTCCGACACTGTGAT-1"
"135","CTTCTAAAGTCGTTAC-1"
"136","GAAATGACAACTCGAT-1"
"137","GAATCACAGTCAGAGC-1"
"138","GAATCGTGTGTTGAGG-1"
"139","GACAGCCAGATACATG-1"
"140","GACCTTCCACCAGGTC-1"
"141","GACGCTGGTCCGAAGA-1"
"142","GACTGATGTTGCGGCT-1"
"143","GAGATGGCATGGTACT-1"
"144","GAGATGGGTTGCTCGG-1"
"145","GAGCTGCGTTCGTACA-1"
"146","GAGGCAAAGGAAGTAG-1"
"147","GAGTTTGCAGCCGTCA-1"
"148","GATAGAACAATACGAA-1"
"149","GATCACAGTCAATGGG-1"
"150","GATCAGTTCATAGACC-1"
"151","GATCGTAAGAAGGGAT-1"
"152","GATCGTACAACCGACC-1"
"153","GATGACTGTGAGCGAT-1"
"154","GATGATCAGAGTATAC-1"
"155","GATGATCAGCAGCAGT-1"
"156","GATGCTAGTCTGTAGT-1"
"157","GATGTTGAGACTCTTG-1"
"158","GATTTCTAGATGCAGC-1"
"159","GCATTAGAGGAACTAT-1"
"160","GCCAGGTCATAGATGA-1"
"161","GCCAGGTGTGTTGAGG-1"
"162","GCCAGTGGTCTTCTAT-1"
"163","GCCGATGTCGACCAAT-1"
"164","GCTGCAGAGCATGCAG-1"
"165","GCTGGGTTCGCGTGAC-1"
"166","GCTTTCGGTGGACTAG-1"
"167","GGAACCCCACACGGTC-1"
"168","GGAATGGCACATTGTG-1"
"169","GGACGTCAGTACTGTC-1"
"170","GGAGAACAGACGAGCT-1"
"171","GGAGAACGTGGGATTG-1"
"172","GGCGTCAAGCTACAAA-1"
"173","GGCTTTCCACAGAAGC-1"
"174","GGGAGTACATTGTCGA-1"
"175","GGGATCCTCTACGGTA-1"
"176","GGGCTACTCTATACTC-1"
"177","GGGCTCAAGCCTGGAA-1"
"178","GGGTAGAGTGCCTTCT-1"
"179","GGGTAGAGTTGCCTAA-1"
"180","GGGTCACGTGTCCAAT-1"
"181","GGGTTATCACAGTCCG-1"
"182","GGGTTATTCGCCGAAC-1"
"183","GGGTTTAGTTAACAGA-1"
"184","GGTAACTTCACGAGGA-1"
"185","GGTAATCAGACGATAT-1"
"186","GGTTCTCTCCGATCTC-1"
"187","GTAATCGCACAATGTC-1"
"188","GTACAACAGATGAAGG-1"
"189","GTCACTCCAACCTAAC-1"
"190","GTCATCCTCGCCATAA-1"
"191","GTCATGAAGTTACGAA-1"
"192","GTCCACTTCCTCTCTT-1"
"193","GTCGCGATCAGCTCTC-1"
"194","GTCGTAAGTATCACCA-1"
"195","GTCGTAATCAAGCCGC-1"
"196","GTCTCACGTCCTACAA-1"
"197","GTGACGCTCTTCGTAT-1"
"198","GTGAGCCGTAAGATTG-1"
"199","GTGAGTTCAACGATTC-1"
"200","GTGCAGCCAAATTGGA-1"
"201","GTGGAGACAATGTCTG-1"
"202","GTGTAACTCAATGTCG-1"
"203","GTGTGGCGTAGGCAAC-1"
"204","GTGTGGCTCCTAGCTC-1"
"205","GTGTGGCTCTGATTCT-1"
"206","GTTACGATCCCATAGA-1"
"207","GTTAGTGTCATGAGTC-1"
"208","GTTGTAGAGTCCCGGT-1"
"209","TAACACGAGGTTGTTC-1"
"210","TAACCAGCAAGCTGCC-1"
"211","TAAGTCGGTCTAGGCC-1"
"212","TAATCTCGTGCATACT-1"
"213","TAATTCCGTGATTCAC-1"
"214","TACAGGTCACAAACGG-1"
"215","TACCTCGTCAGCCTCT-1"
"216","TACCTGCTCTAAGCGT-1"
"217","TACGGTATCGTCAGAT-1"
"218","TACTTACTCACCGCTT-1"
"219","TAGATCGGTATCTCGA-1"
"220","TAGGTACTCGAAGGAC-1"
"221","TAGGTACTCGTGGACC-1"
"222","TATACCTCATTGAAGA-1"
"223","TATCAGGAGAGGGTCT-1"
"224","TATCTGTAGGTTTGAA-1"
"225","TATGTTCCAACACGAG-1"
"226","TATTGCTGTGGTCTCG-1"
"227","TCACACCCAGGTTCCG-1"
"228","TCACACCTCACCACAA-1"
"229","TCAGCAACAGAAATCA-1"
"230","TCAGTCCAGAAACTCA-1"
"231","TCATGAGAGAGCCGTA-1"
"232","TCATGCCCAGCAGTGA-1"
"233","TCATTCATCCCGATCT-1"
"234","TCCACGTTCACCATGA-1"
"235","TCCAGAACAATCGCGC-1"
"236","TCCCACAGTGAAGCTG-1"
"237","TCCCATGGTGTAGTGG-1"
"238","TCCGATCCAATTCGTG-1"
"239","TCCTCGATCTTCCACG-1"
"240","TCCTCTTGTAGGACTG-1"
"241","TCCTGCATCATGAGTC-1"
"242","TCCTTTCTCGTGTCAA-1"
"243","TCGAACATCTTGGAAC-1"
"244","TCGCAGGTCGCGGTAC-1"
"245","TCGCTTGTCATGAGAA-1"
"246","TCGGGACAGAAAGCGA-1"
"247","TCTACATAGACCTTTG-1"
"248","TCTCCGAAGGGACCAT-1"
"249","TCTCCGAGTAACGCGA-1"
"250","TCTCTGGAGAGTGAAG-1"
"251","TCTGCCAAGAGGGTAA-1"
"252","TCTTAGTTCACAGAGG-1"
"253","TCTTCCTTCATCCCGT-1"
"254","TGACAGTGTGTATCCA-1"
"255","TGACAGTTCAGAGTTC-1"
"256","TGAGCGCTCTGGGCGT-1"
"257","TGAGGTTTCCAACCAA-1"
"258","TGAGTCAAGCACCAGA-1"
"259","TGATTCTGTTAGAGAT-1"
"260","TGCAGATCAAGTTTGC-1"
"261","TGCAGGCGTCGATTCA-1"
"262","TGCATCCAGTTCTCTT-1"
"263","TGCCGAGGTGTATTGC-1"
"264","TGCTTGCCAACAGATA-1"
"265","TGGCGTGTCACTGTTT-1"
"266","TGGCGTGTCTGTAACG-1"
"267","TGGGATTCACTGAGTT-1"
"268","TGGGATTGTTCTTAGG-1"
"269","TGGTACATCGTAGTGT-1"
"270","TGGTAGTAGAGGCCAT-1"
"271","TGTAACGTCTGGGTCG-1"
"272","TGTAAGCCAGCGTGCT-1"
"273","TGTACAGCATAGAATG-1"
"274","TGTGCGGAGGCACTCC-1"
"275","TGTGTGACACGGAAGT-1"
"276","TGTTCTAAGAAACTAC-1"
"277","TTAATCCCATTCGGGC-1"
"278","TTACCGCGTAGCCCTG-1"
"279","TTACGTTAGTCAGCCC-1"
"280","TTAGGGTGTATCTCTT-1"
"281","TTAGGGTTCGACATTG-1"
"282","TTAGGGTTCTCCAATT-1"
"283","TTCAGGAGTCCGTACG-1"
"284","TTCCAATAGACCATGG-1"
"285","TTCCTAAAGAGCCTGA-1"
"286","TTCCTCTTCCGATGCG-1"
"287","TTCCTCTTCTGAGGTT-1"
"288","TTCGCTGAGGGTACGT-1"
"289","TTCTAGTAGCGCCTCA-1"
"290","TTCTCTCAGTCTGGAG-1"
"291","TTCTCTCTCGGTCTAA-1"
"292","TTGAGTGGTGCTGCAC-1"
"293","TTGATGGTCGTAGAGG-1"
"294","TTGCGTCGTACGGCAA-1"
"295","TTGGGATGTAGGTAGC-1"
"296","TTGGGCGTCCAAAGGG-1"
"297","TTGGGTAAGCGACTTT-1"
"298","TTTACGTAGAGCAAGA-1"
"299","TTTACTGTCGGAATTC-1"
"300","TTTGACTTCAGCGTCG-1"
"301","TTTGGAGCACGACCTG-1"
