"","x"
"1","AAACCCATCGTAATGC"
"2","AAACGAAGTTGTCAGT"
"3","AAAGAACAGGTCATCT"
"4","AAAGGATAGGCTGAAC"
"5","AAAGGGCAGGCCTTGC"
"6","AAAGGTATCGTCAGAT"
"7","AAAGTGACATGCCGAC"
"8","AACAGGGGTAGCGTCC"
"9","AACGTCAGTTCTCACC"
"10","AAGACTCGTTGTCATG"
"11","AAGCGAGCAGGCCTGT"
"12","AAGCGTTCATAATCCG"
"13","AAGGTAAAGAGGTGCT"
"14","AAGTCGTTCGCCACTT"
"15","AAGTTCGGTAGCGAGT"
"16","AATCGACGTCGTGGAA"
"17","ACAACCAAGCTGCCTG"
"18","ACACCAATCATTTGCT"
"19","ACATCCCGTCTGTAGT"
"20","ACATCGATCGACCAAT"
"21","ACCAAACGTACCTTCC"
"22","ACCAACAGTGATAGTA"
"23","ACCAACATCTGAGTCA"
"24","ACCCAAACATGGTGGA"
"25","ACCCTCATCGACGAGA"
"26","ACCGTTCAGCATGCGA"
"27","ACCTGAAGTTTCGGCG"
"28","ACCTGTCCACACCTAA"
"29","ACGATGTCATGCGGTC"
"30","ACGCACGGTTCTTGTT"
"31","ACGGAAGAGAGAGAAC"
"32","ACTGATGGTATCGGTT"
"33","ACTTTCACATGGGAAC"
"34","ACTTTGTTCAATGCAC"
"35","AGAAGTAAGGCGATAC"
"36","AGATGAAAGAGAGGTA"
"37","AGATGCTAGATTAGCA"
"38","AGCCAGCGTCATAAAG"
"39","AGCGATTAGATGAACT"
"40","AGCGTATCAGCTGAAG"
"41","AGGGTCCCACGTTCGG"
"42","AGGGTGAAGCAATTCC"
"43","AGGGTTTTCAGACCGC"
"44","AGGTAGGAGGTACCTT"
"45","AGGTGTTGTTGACTAC"
"46","AGGTTACCATGGTGGA"
"47","AGTACCACAGTTTCGA"
"48","AGTACCAGTCCACATA"
"49","AGTACTGAGCACTCCG"
"50","AGTCAACGTAATCAAG"
"51","AGTGACTGTATCAGCT"
"52","AGTGTTGAGGCTTCCG"
"53","AGTTCCCCACGGTGCT"
"54","AGTTCGACAGTCGCAC"
"55","ATACCTTCAGGCTACC"
"56","ATATCCTGTGTTCGTA"
"57","ATCGCCTAGATTGGGC"
"58","ATCGGATTCTCTTGCG"
"59","ATCGTAGCAACGCATT"
"60","ATCGTCCAGGACATCG"
"61","ATCTTCAGTTTACGTG"
"62","ATGCCTCGTGTGTCGC"
"63","ATGGAGGAGAGTCTGG"
"64","ATGGAGGCAAGGCCTC"
"65","ATGGGAGAGAAGAGCA"
"66","ATGGGAGCACCTTCCA"
"67","ATTACCTGTCGCGTCA"
"68","ATTATCCGTTAGTTCG"
"69","ATTCCCGCAGATCACT"
"70","ATTCGTTCAACACAGG"
"71","ATTGGGTCAAACCATC"
"72","CAACCAACAAGAGTGC"
"73","CAACGATAGTCTGGTT"
"74","CAACGGCAGGCTAGCA"
"75","CAATGACCACAGCCTG"
"76","CACGAATAGATCCTAC"
"77","CACGGGTTCCACGGGT"
"78","CACTAAGCAATGCAAA"
"79","CACTAAGCACCTCGTT"
"80","CAGATTGAGTGCTAGG"
"81","CAGCACGTCCATACAG"
"82","CAGGCCACACCAGCGT"
"83","CAGTTAGAGGTACCTT"
"84","CATCGCTCAGTCAGAG"
"85","CATGCTCTCTGAGCAT"
"86","CATGGATCAAACTCGT"
"87","CCAATGAAGGATTCCT"
"88","CCACAAACAGAGAGGG"
"89","CCCAACTTCTTGTGCC"
"90","CCCGAAGCAGTCAGCC"
"91","CCCTCTCCACAACCGC"
"92","CCCTTAGTCTTACGGA"
"93","CCGAACGGTTCCTAGA"
"94","CCGGGTATCAAAGGAT"
"95","CCGGTAGCACGGTGCT"
"96","CCTCACATCATATGGC"
"97","CCTCAGTCAGTAGAGC"
"98","CCTCTAGTCGCTTGAA"
"99","CCTGCATCACACAGAG"
"100","CCTTGTGCAAGTGCAG"
"101","CCTTTGGAGGTAGCCA"
"102","CGAAGGACACAAGCCC"
"103","CGAGAAGAGCATATGA"
"104","CGAGAAGGTTGTGCCG"
"105","CGAGTGCAGGTCCGAA"
"106","CGCCATTTCATCTACT"
"107","CGCCATTTCGGTCACG"
"108","CGCGTGAAGTGGATTA"
"109","CGGAACCTCGTGGGTC"
"110","CGGACACCAGTAGATA"
"111","CGGGACTTCCGTGTCT"
"112","CGGGCATCAATTTCGG"
"113","CGTAAGTCACACACTA"
"114","CGTAAGTTCTGGGTCG"
"115","CGTGAATTCCCAGTGG"
"116","CGTGATAAGCCAGTAG"
"117","CGTGTCTAGTAAGAGG"
"118","CGTGTCTGTTCTTGCC"
"119","CGTTAGACAAAGCGTG"
"120","CGTTCTGGTAGTCACT"
"121","CGTTGGGTCACCATGA"
"122","CTACCCAAGCGCGTTC"
"123","CTACCCACACTGGACC"
"124","CTATAGGGTACTGACT"
"125","CTATCTATCTATACGG"
"126","CTCAAGACATGTACGT"
"127","CTCACTGCACACACTA"
"128","CTCATCGAGCATTTCG"
"129","CTCCTTTTCCATACAG"
"130","CTGAGCGAGCATGGGT"
"131","CTGAGCGTCCACTAGA"
"132","CTGATCCAGAAGCTCG"
"133","CTGATCCTCTAGTCAG"
"134","CTGGACGAGCTTCGTA"
"135","CTGGCAGAGGATCACG"
"136","CTGGCAGTCGACCCAG"
"137","CTGTGGGCACAAGCTT"
"138","CTTTCAACATGTCTAG"
"139","CTTTCGGCATGAGTAA"
"140","GAAACCTCAATCAAGA"
"141","GAACACTGTCGTTGGC"
"142","GAAGCGACAACAGATA"
"143","GAAGGACAGGTAGCCA"
"144","GAATCACCATCTGGGC"
"145","GAATCGTTCCGATGCG"
"146","GACCAATAGCACTAAA"
"147","GACCAATGTGTGACCC"
"148","GACCGTGCACAGTCAT"
"149","GACTGATCACACCAGC"
"150","GAGACCCCAAGCAATA"
"151","GAGATGGAGATCGCCC"
"152","GAGCCTGAGAAGTATC"
"153","GAGCTGCGTAGCGTCC"
"154","GAGGCAAAGTCATGCT"
"155","GAGGCAACATAATGCC"
"156","GAGGCCTAGGGCTAAC"
"157","GAGTCTAAGTATTGCC"
"158","GAGTGAGAGGTCGTCC"
"159","GAGTTACAGGGTATAT"
"160","GAGTTGTAGCACCAGA"
"161","GATCACATCTACTTCA"
"162","GATCATGCAGCGTTTA"
"163","GATCGTATCTAGGAAA"
"164","GATGACTAGGCTGAAC"
"165","GATGCTAGTTTGATCG"
"166","GATGGAGCAGAACCGA"
"167","GATTTCTCACCAGTAT"
"168","GATTTCTTCGCCGTGA"
"169","GCAACCGTCACCATCC"
"170","GCACATAAGCCAACCC"
"171","GCACGTGTCGACCACG"
"172","GCAGGCTGTGAGTAAT"
"173","GCATGATGTTCATCTT"
"174","GCATTAGCAGTCGGAA"
"175","GCCCAGAAGTAACCGG"
"176","GCTGGGTAGCCGTCGT"
"177","GCTGGGTCATCGCTGG"
"178","GGAATCTCAATGCAAA"
"179","GGAGGATAGGTAAACT"
"180","GGATCTACAGTCGGAA"
"181","GGGAGTAAGGATTTAG"
"182","GGGATGAAGAACTTCC"
"183","GGGATGATCGAGAATA"
"184","GGGTAGAGTCAAATCC"
"185","GGGTATTAGCTTAGTC"
"186","GGGTATTGTAACAGGC"
"187","GGGTCACTCGTGCATA"
"188","GGGTCTGAGAGAGAAC"
"189","GGGTGAATCTTCACGC"
"190","GGGTTTACACTCGATA"
"191","GGTCACGTCGACCTAA"
"192","GGTGGCTAGCAACTCT"
"193","GGTGTTACAGTCTACA"
"194","GGTTAACTCAACCTCC"
"195","GTAACACGTCCTCCTA"
"196","GTAGAGGAGGAGGCAG"
"197","GTAGAGGCACAGACGA"
"198","GTAGAGGCAGGTCAAG"
"199","GTAGATCTCCGAGTGC"
"200","GTAGGAGAGTCATAGA"
"201","GTAGGAGCAAAGGCTG"
"202","GTAGGAGCACGATAGG"
"203","GTAGGAGGTAGACTGG"
"204","GTCAAACAGCGAGTCA"
"205","GTCGTTCAGGCGTTAG"
"206","GTCTAGAGTACAATAG"
"207","GTCTCACCACCCTGTT"
"208","GTCTCACGTGGTCTCG"
"209","GTGACGCTCATTGTTC"
"210","GTGAGGACAGATACCT"
"211","GTGAGTTCATCGGATT"
"212","GTGCAGCAGCGTGTCC"
"213","GTGCTGGGTGTTGAGG"
"214","GTGTAACAGTATGCAA"
"215","GTTAGACCAACGTTAC"
"216","GTTAGTGGTCGTGCCA"
"217","GTTATGGCAACAAGAT"
"218","GTTCGCTCATGGGTTT"
"219","GTTGTAGTCCGATCTC"
"220","TAACACGAGAAGGCTC"
"221","TAACCAGAGATACGAT"
"222","TAAGCACCAGACGCTC"
"223","TAAGCCAGTAGCTGCC"
"224","TAAGTCGCAGACCATT"
"225","TACCGAACACAGACGA"
"226","TACGGGCGTACGAAAT"
"227","TACGTCCTCCCACAGG"
"228","TACTTACCAGACACAG"
"229","TATATCCCAAGGTCTT"
"230","TATTGCTGTGCCCACA"
"231","TATTGGGAGACTTAAG"
"232","TCAAGCAGTCCAGGTC"
"233","TCAGGGCTCAGGAAAT"
"234","TCAGGGCTCTTAGCCC"
"235","TCAGGTACAGACGGAT"
"236","TCAGTTTGTAAGGAGA"
"237","TCATCCGGTGGACAGT"
"238","TCATTCAAGCTCCGAC"
"239","TCATTGTCAGCTCTGG"
"240","TCCATCGCATTGCTGA"
"241","TCCGAAAAGTGGAAGA"
"242","TCCTCCCCACAGTCAT"
"243","TCGAAGTGTGTATACC"
"244","TCGACGGGTGACTAAA"
"245","TCGATTTCAGGTCAAG"
"246","TCGATTTTCGGACGTC"
"247","TCGCAGGCAACTTGCA"
"248","TCGCTCACACTAGGCC"
"249","TCGGGTGGTTACGCCG"
"250","TCGTGCTTCAGACATC"
"251","TCTCACGAGACGGATC"
"252","TCTCAGCGTGAATAAC"
"253","TCTCTGGGTATGCGTT"
"254","TCTGCCACACTGCATA"
"255","TGACGCGCACCATATG"
"256","TGAGACTCATCAGCGC"
"257","TGAGCGCAGAGTGAAG"
"258","TGCAGTACAAGGTCTT"
"259","TGCATCCCAACAGTGG"
"260","TGCTGAATCCGATAAC"
"261","TGCTTGCTCTTCCCGA"
"262","TGGAGAGGTAGTACGG"
"263","TGGAGAGGTTTGTTCT"
"264","TGGAGAGTCTACGCAA"
"265","TGGAGGATCTCGACGG"
"266","TGGATCAGTTATCCAG"
"267","TGGTACAGTAGCTGAG"
"268","TGTCAGAGTACGTACT"
"269","TGTTACTTCGAAACAA"
"270","TTACAGGAGCTTAAGA"
"271","TTACTGTTCATGCCCT"
"272","TTAGGGTAGTAAGGGA"
"273","TTCAGGACAGGTGACA"
"274","TTCAGGACATGACAGG"
"275","TTCCGTGAGCCAGACA"
"276","TTCGGTCAGGTGCGAT"
"277","TTCGGTCCATCATTGG"
"278","TTCTAGTAGAAGCGCT"
"279","TTCTCTCAGAGAGTGA"
"280","TTCTCTCGTCCATAGT"
"281","TTCTGTATCCGTTGGG"
"282","TTGCTGCTCAGAGTGG"
"283","TTGGATGCACCTGCGA"
"284","TTGGATGTCCGCGGAT"
"285","TTGGGATGTGGACAGT"
"286","TTGGGTATCCCGAATA"
"287","TTGTGGAGTCTGTTAG"
"288","TTGTGTTCATACTGAC"
"289","TTGTGTTGTCTCCTGT"
"290","TTGTGTTGTGGTGATG"
"291","TTTAGTCGTCTTACTT"
